{
    "predictData": [
        {
            "name": "中国",
            "data": [
                127390.57056049,
                127703.62587699,
                128073.01313541,
                128505.22804128,
                129007.24318327,
                129586.53160963,
                130251.09119573
            ]
        },
        {
            "name": "美国",
            "data": [
                48155024.33991169,
                48265480.20668268,
                48382762.6299371,
                48507434.5654754,
                48640082.94768532,
                48781319.32560614,
                48931780.51212899
            ]
        },
        {
            "name": "法国",
            "data": [
                7501587.090501,
                7494386.94913717,
                7485183.19415132,
                7473867.25086599,
                7460326.74336382,
                7444445.40280236,
                7426102.97430835
            ]
        },
        {
            "name": "英国",
            "data": [
                10413133.74531696,
                10511207.37670642,
                10614243.41423628,
                10722496.80021915,
                10836231.27446676,
                10955719.5817791,
                11081243.68236603
            ]
        },
        {
            "name": "荷兰",
            "data": [
                2617121.87240617,
                2646941.75559849,
                2677998.05737833,
                2710331.43484698,
                2743983.50928514,
                2778996.88276992,
                2815415.15499654
            ]
        },
        {
            "name": "土耳其",
            "data": [
                8663698.28328243,
                8673289.97750693,
                8681145.12352617,
                8687172.24001857,
                8691276.8424908,
                8693361.37462183,
                8693325.13845581
            ]
        },
        {
            "name": "德国",
            "data": [
                5728134.40885426,
                5797810.81121623,
                5870200.16746421,
                5945393.30683606,
                6023483.44092631,
                6104566.21161143,
                6188739.73976327
            ]
        },
        {
            "name": "塞尔维亚",
            "data": [
                1380893.66175845,
                1377155.53041091,
                1372719.3930031,
                1367556.29586418,
                1361636.53287908,
                1354929.63189193,
                1347404.34093106
            ]
        },
        {
            "name": "瑞典",
            "data": [
                1212407.98996876,
                1215702.88310478,
                1219151.00529379,
                1222758.32799736,
                1226531.00424024,
                1230475.37313812,
                1234597.96451366
            ]
        },
        {
            "name": "俄罗斯",
            "data": [
                10007835.0609058,
                10123929.98838022,
                10245827.62702603,
                10373781.79964449,
                10508054.19251493,
                10648914.52879607,
                10796640.74450994
            ]
        },
        {
            "name": "巴西",
            "data": [
                22381991.15402862,
                22439332.08311757,
                22499896.54486193,
                22563812.73692844,
                22631211.96612828,
                22702228.70566507,
                22777000.65311522
            ]
        },
        {
            "name": "斯洛伐克",
            "data": [
                1120046.51703355,
                1164561.8002134,
                1211161.95508114,
                1259921.47232682,
                1310916.87517904,
                1364226.76128059,
                1419931.84524155
            ]
        },
        {
            "name": "伊朗",
            "data": [
                6128047.39245326,
                6142605.46038446,
                6158276.20026622,
                6175138.32923899,
                6193273.32095436,
                6212765.46782959,
                6233701.94431952
            ]
        },
        {
            "name": "瑞士",
            "data": [
                990572.51865506,
                999348.32638319,
                1008595.38414862,
                1018334.45577901,
                1028586.94108525,
                1039374.88949256,
                1050721.01388224
            ]
        },
        {
            "name": "乌克兰",
            "data": [
                3600317.07242814,
                3616285.69093286,
                3631321.52146742,
                3645354.03754131,
                3658310.12486196,
                3670114.01930339,
                3680687.24372424
            ]
        },
        {
            "name": "墨西哥",
            "data": [
                3905696.25678809,
                3919344.56876718,
                3934397.73689099,
                3950949.99403827,
                3969099.1576009,
                3988946.71931027,
                4010597.93677098
            ]
        },
        {
            "name": "波兰",
            "data": [
                3390223.243531,
                3401467.23141924,
                3412340.33873942,
                3422801.170205,
                3432806.61270592,
                3442311.79147544,
                3451270.02554654
            ]
        },
        {
            "name": "奥地利",
            "data": [
                1123929.51590666,
                1141013.31029294,
                1158694.22329681,
                1176989.60748997,
                1195917.20788523,
                1215495.16863687,
                1235742.03982355
            ]
        },
        {
            "name": "捷克",
            "data": [
                2058730.7979007,
                2074620.57772782,
                2091026.48620157,
                2107963.06866518,
                2125445.25825109,
                2143488.38491029,
                2162108.18460279
            ]
        },
        {
            "name": "越南",
            "data": [
                1072765.55408365,
                1074956.62569159,
                1077093.19514148,
                1079184.79362153,
                1081241.5118667,
                1083274.01608127,
                1085293.56408764
            ]
        },
        {
            "name": "澳大利亚",
            "data": [
                195273.54830382,
                194305.16968578,
                193136.36949364,
                191758.60615801,
                190163.1051615,
                188340.85449559,
                186282.60005564
            ]
        },
        {
            "name": "挪威",
            "data": [
                246554.06351493,
                248046.78192638,
                249557.85123656,
                251087.62642572,
                252636.47166907,
                254204.7605715,
                255792.87640691
            ]
        },
        {
            "name": "哥斯达黎加",
            "data": [
                570983.02036827,
                571600.562729,
                572248.39989618,
                572929.25805827,
                573645.9386809,
                574401.31947049,
                575198.35533645
            ]
        },
        {
            "name": "约旦",
            "data": [
                896835.64338017,
                894552.8077726,
                891890.648909,
                888828.45215677,
                885344.79713037,
                881417.54132206,
                877023.80345366
            ]
        },
        {
            "name": "阿根廷",
            "data": [
                5518837.03582703,
                5547942.66499368,
                5578699.11264664,
                5611152.95754636,
                5645351.13423577,
                5681340.9191161,
                5719169.91582881
            ]
        },
        {
            "name": "巴勒斯坦",
            "data": [
                390201.38397211,
                378309.10122513,
                365474.11842951,
                351654.73053219,
                336807.97476264,
                320889.60374442,
                303854.05819764
            ]
        },
        {
            "name": "泰国",
            "data": [
                2086394.97962702,
                2094132.94884006,
                2102259.49238639,
                2110811.15457324,
                2119825.9265832,
                2129343.28143176,
                2139404.20941297
            ]
        },
        {
            "name": "丹麦",
            "data": [
                495714.69249702,
                504214.92702122,
                513167.70679438,
                522591.50898041,
                532505.35228293,
                542928.80843773,
                553882.01386999
            ]
        },
        {
            "name": "委内瑞拉",
            "data": [
                428779.27472855,
                429136.23594343,
                429423.58085574,
                429637.14583517,
                429772.60261322,
                429825.45392064,
                429791.0290576
            ]
        },
        {
            "name": "马来西亚",
            "data": [
                2566590.87711686,
                2569528.336424,
                2572782.87141804,
                2576394.09691836,
                2580403.26411675,
                2584853.30087614,
                2589788.85280077
            ]
        },
        {
            "name": "黎巴嫩",
            "data": [
                645434.01964528,
                644119.74158757,
                642698.79342184,
                641168.36037257,
                639525.60639675,
                637767.67517794,
                635891.69115267
            ]
        },
        {
            "name": "玻利维亚",
            "data": [
                560693.71519398,
                566018.98926512,
                571682.35532584,
                577698.10944727,
                584080.96171149,
                590846.0450646,
                598008.92430481
            ]
        },
        {
            "name": "葡萄牙",
            "data": [
                1197965.64635022,
                1212781.08354379,
                1228763.82873308,
                1245973.43491892,
                1264471.47421122,
                1284321.58547457,
                1305589.52271208
            ]
        },
        {
            "name": "罗马尼亚",
            "data": [
                1800497.73334043,
                1799710.29379586,
                1797946.08048654,
                1795154.66000444,
                1791284.03142617,
                1786280.59234371,
                1780089.10444441
            ]
        },
        {
            "name": "埃及",
            "data": [
                367597.65911085,
                370288.06902823,
                373089.05878361,
                376004.85252783,
                379039.80222038,
                382198.39064141,
                385485.23445913
            ]
        },
        {
            "name": "加拿大",
            "data": [
                7240072.86105058,
                7297605.272771,
                7361139.62785109,
                7431034.77507558,
                7507663.38226641,
                7591412.29539639,
                7682682.90340165
            ]
        },
        {
            "name": "哥伦比亚",
            "data": [
                5410823.96849485,
                5467740.78453038,
                5528477.60909368,
                5593187.46650494,
                5662027.3303698,
                5735158.19510091,
                5812745.1483666
            ]
        },
        {
            "name": "立陶宛",
            "data": [
                488976.42992698,
                493781.5933659,
                498719.21678696,
                503793.6972178,
                509009.56318034,
                514371.47769142,
                519884.24130937
            ]
        },
        {
            "name": "苏里南",
            "data": [
                49962.0137221,
                49772.98669245,
                49560.39666693,
                49323.3997724,
                49061.12962186,
                48772.69684507,
                48457.18861228
            ]
        },
        {
            "name": "叙利亚",
            "data": [
                46774.63543741,
                46589.20765496,
                46366.46710451,
                46104.58089939,
                45801.65851969,
                45455.75053379,
                45064.84729906
            ]
        },
        {
            "name": "马约特",
            "data": [
                19232.54474062,
                18961.69701645,
                18668.87826654,
                18353.06848481,
                18013.21709935,
                17648.24235824,
                17257.03070673
            ]
        },
        {
            "name": "爱沙尼亚",
            "data": [
                219978.46378643,
                220149.60534307,
                220223.27602733,
                220194.31437182,
                220057.40399009,
                219807.07049383,
                219437.67836791
            ]
        },
        {
            "name": "突尼斯",
            "data": [
                764746.17600964,
                773425.62169571,
                782807.14168935,
                792924.56505002,
                803812.75030503,
                815507.60716684,
                828046.11859218
            ]
        },
        {
            "name": "巴巴多斯",
            "data": [
                25553.94989466,
                25811.80642188,
                26060.21176029,
                26298.48539364,
                26525.92426353,
                26741.80227612,
                26945.36980155
            ]
        },
        {
            "name": "毛里求斯",
            "data": [
                17953.48543821,
                17830.42251228,
                17699.04197221,
                17559.3195458,
                17411.23843771,
                17254.78962873,
                17089.97218153
            ]
        },
        {
            "name": "埃塞俄比亚",
            "data": [
                342058.55147094,
                337333.11393047,
                332232.7304893,
                326741.13856233,
                320841.58877713,
                314516.83460445,
                307749.1218347
            ]
        },
        {
            "name": "菲律宾",
            "data": [
                2671195.69108027,
                2644996.21755914,
                2616798.90179838,
                2586530.48253736,
                2554115.70431176,
                2519477.27667758,
                2482535.8327554
            ]
        },
        {
            "name": "新加坡",
            "data": [
                277720.23265115,
                281192.17676363,
                284635.82952396,
                288047.37279127,
                291422.85594982,
                294758.19305204,
                298049.1599162
            ]
        },
        {
            "name": "巴基斯坦",
            "data": [
                1295051.4229202,
                1297525.96357006,
                1300219.07298939,
                1303144.68900684,
                1306317.24665186,
                1309751.69022254,
                1313463.48555061
            ]
        },
        {
            "name": "索马里",
            "data": [
                21849.91853786,
                21606.28501532,
                21332.78366885,
                21027.84314895,
                20689.83792616,
                20317.08698575,
                19907.8525007
            ]
        },
        {
            "name": "特立尼达和多巴哥",
            "data": [
                70911.32126885,
                71866.05468216,
                72859.65752042,
                73893.3283384,
                74968.2867188,
                76085.77341763,
                77247.05050814
            ]
        },
        {
            "name": "拉脱维亚",
            "data": [
                261580.21784921,
                263402.55754411,
                265197.48401648,
                266962.33238,
                268694.34934714,
                270390.69141399,
                272048.42301991
            ]
        },
        {
            "name": "伯利兹",
            "data": [
                29700.81131381,
                29635.4588166,
                29549.06798389,
                29440.5484832,
                29308.77189173,
                29152.57070428,
                28970.73732325
            ]
        },
        {
            "name": "黑山",
            "data": [
                153689.4003732,
                153676.43845696,
                153635.81312088,
                153566.7852838,
                153468.61165866,
                153340.54502788,
                153181.83452912
            ]
        },
        {
            "name": "印度尼西亚",
            "data": [
                4579675.00693054,
                4642831.46003532,
                4711428.2619974,
                4785737.22647389,
                4866038.77247434,
                4952622.11355119,
                5045785.45013467
            ]
        },
        {
            "name": "北马其顿",
            "data": [
                208381.00813795,
                207909.59132137,
                207376.74877567,
                206780.01258788,
                206116.84869376,
                205384.65560613,
                204580.76312496
            ]
        },
        {
            "name": "阿尔巴尼亚",
            "data": [
                193227.90583671,
                192986.07876099,
                192706.83674927,
                192389.68852242,
                192034.16800738,
                191639.835703,
                191206.28008696
            ]
        },
        {
            "name": "白俄罗斯",
            "data": [
                660007.42468747,
                663393.10529798,
                666881.88778473,
                670478.72699701,
                674188.75390934,
                678017.27997376,
                681969.80155549
            ]
        },
        {
            "name": "摩尔多瓦",
            "data": [
                355626.3452745,
                354812.84241019,
                353829.19778566,
                352667.22737063,
                351318.50121578,
                349774.33830654,
                348025.80133717
            ]
        },
        {
            "name": "缅甸",
            "data": [
                548384.58790829,
                554555.9848923,
                561229.43124989,
                568432.29824396,
                576192.8685492,
                584540.35673057,
                593504.93006322
            ]
        },
        {
            "name": "新西兰",
            "data": [
                11358.25792084,
                11619.75632716,
                11888.72054848,
                12165.35073154,
                12449.85168216,
                12742.43295289,
                13043.30893188
            ]
        },
        {
            "name": "摩洛哥",
            "data": [
                959432.61077282,
                963553.61207018,
                968185.99797228,
                973361.97544308,
                979114.87730266,
                985479.18795203,
                992490.569518
            ]
        },
        {
            "name": "马恩岛",
            "data": [
                11563.05835283,
                11739.47627402,
                11926.16801782,
                12123.6531848,
                12332.46890621,
                12553.17025737,
                12786.3306781
            ]
        },
        {
            "name": "尼日利亚",
            "data": [
                217467.81000615,
                218466.59564366,
                219571.41591767,
                220789.30684765,
                222127.58547245,
                223593.85731327,
                225196.02393796
            ]
        },
        {
            "name": "卢森堡",
            "data": [
                90364.50583625,
                91067.69805123,
                91806.48023542,
                92582.25112797,
                93396.44820735,
                94250.54844919,
                95146.06909461
            ]
        },
        {
            "name": "阿联酋",
            "data": [
                748721.5237981,
                750279.16911096,
                751974.45219509,
                753814.52969092,
                755806.78616773,
                757958.83931641,
                760278.54521343
            ]
        },
        {
            "name": "多米尼克",
            "data": [
                6055.79736818,
                6172.4135677,
                6299.37557755,
                6437.47529799,
                6587.54301826,
                6750.44868704,
                6927.10321199
            ]
        },
        {
            "name": "巴拿马",
            "data": [
                508221.48824224,
                513940.51049923,
                520118.63493858,
                526778.87651689,
                533945.01795388,
                541641.62769569,
                549894.07817142
            ]
        },
        {
            "name": "根西岛",
            "data": [
                3476.06540667,
                3558.83869557,
                3645.07396556,
                3734.91150739,
                3828.49615764,
                3925.97740924,
                4027.50952396
            ]
        },
        {
            "name": "安提瓜和巴布达",
            "data": [
                3679.12378581,
                3594.71883647,
                3503.94846662,
                3406.61382201,
                3302.51287486,
                3191.44042355,
                3073.18809346
            ]
        },
        {
            "name": "乌拉圭",
            "data": [
                405435.04877464,
                405775.15820079,
                406040.72951507,
                406223.8307736,
                406316.14760775,
                406308.97234171,
                406193.19294662
            ]
        },
        {
            "name": "卡塔尔",
            "data": [
                243373.50389887,
                243543.03031479,
                243710.95924033,
                243877.00202833,
                244040.85706703,
                244202.20949989,
                244360.73094236
            ]
        },
        {
            "name": "冰岛",
            "data": [
                17789.52353279,
                18032.50582011,
                18285.18171015,
                18547.9223087,
                18821.1089388,
                19105.13333792,
                19400.39785781
            ]
        },
        {
            "name": "肯尼亚",
            "data": [
                253746.24402171,
                253764.48272974,
                253794.4680579,
                253837.32560367,
                253894.2160763,
                253966.33595388,
                254054.91814915
            ]
        },
        {
            "name": "马耳他",
            "data": [
                38714.37732314,
                38798.07106377,
                38889.15609837,
                38988.11252788,
                39095.4393772,
                39211.65509685,
                39337.29807329
            ]
        },
        {
            "name": "吉布提",
            "data": [
                12255.43773602,
                12018.84133304,
                11762.23377544,
                11484.65194673,
                11185.10137482,
                10862.55551223,
                10515.95500601
            ]
        },
        {
            "name": "日本",
            "data": [
                1650836.59832126,
                1644363.83588419,
                1637905.05134954,
                1631482.83518508,
                1625120.8265179,
                1618843.74020146,
                1612677.3943581
            ]
        },
        {
            "name": "马拉维",
            "data": [
                69604.09797983,
                71107.77217478,
                72745.19095108,
                74523.44664784,
                76449.87880924,
                78532.08021165,
                80777.90300674
            ]
        },
        {
            "name": "巴拉圭",
            "data": [
                472929.62102616,
                474062.09969041,
                475215.22693049,
                476386.52934386,
                477573.34632523,
                478772.8238943,
                479981.90842768
            ]
        },
        {
            "name": "圭亚那",
            "data": [
                36602.83805148,
                36470.56892191,
                36320.47896037,
                36151.77669746,
                35963.64518723,
                35755.24140659,
                35525.695644
            ]
        },
        {
            "name": "津巴布韦",
            "data": [
                153326.4735586,
                156897.32828941,
                160762.85497411,
                164937.63371225,
                169436.71421607,
                174275.62640546,
                179470.39117684
            ]
        },
        {
            "name": "巴林",
            "data": [
                282067.11439948,
                282399.17565183,
                282717.23326196,
                283018.84267734,
                283301.42972634,
                283562.28686446,
                283798.56934978
            ]
        },
        {
            "name": "科威特",
            "data": [
                424701.93446369,
                426416.25395478,
                428237.49015045,
                430169.14540716,
                432214.77919144,
                434378.0084166,
                436662.50777225
            ]
        },
        {
            "name": "安哥拉",
            "data": [
                62931.00532888,
                62422.92991164,
                61865.74635594,
                61257.19563421,
                60594.94325159,
                59876.57740194,
                59099.60709035
            ]
        },
        {
            "name": "赞比亚共和国",
            "data": [
                234702.83843403,
                238947.36562269,
                243525.24570677,
                248452.11754258,
                253744.10589697,
                259417.83219525,
                265490.4254337
            ]
        },
        {
            "name": "比利时",
            "data": [
                1693644.60645756,
                1713067.64897685,
                1733116.05328716,
                1753804.46255572,
                1775147.70380747,
                1797160.78738911,
                1819858.90635628
            ]
        },
        {
            "name": "哈萨克斯坦",
            "data": [
                1063169.36967003,
                1068168.30046548,
                1073644.22255897,
                1079628.78199796,
                1086154.79796087,
                1093256.29170168,
                1100968.51597166
            ]
        },
        {
            "name": "印度",
            "data": [
                35317549.54841643,
                35369389.94458056,
                35417939.33362743,
                35462745.35416222,
                35503332.14417847,
                35539199.65087947,
                35569822.92710003
            ]
        },
        {
            "name": "希腊",
            "data": [
                921576.07761868,
                930976.15466855,
                940658.6089144,
                950631.93113911,
                960904.79882936,
                971486.07912214,
                982384.83178091
            ]
        },
        {
            "name": "爱尔兰",
            "data": [
                561364.38808429,
                569154.82784595,
                577312.09955334,
                585852.40295599,
                594792.46463662,
                604149.55031524,
                613941.4773381
            ]
        },
        {
            "name": "斯洛文尼亚",
            "data": [
                426234.35751679,
                431568.90585786,
                437084.03990502,
                442785.63366626,
                448679.72274062,
                454772.50778056,
                461070.35800938
            ]
        },
        {
            "name": "意大利",
            "data": [
                4984435.17412911,
                4997540.66307518,
                5011186.2270303,
                5025394.66637845,
                5040189.49644108,
                5055594.96394762,
                5071636.06373227
            ]
        },
        {
            "name": "洪都拉斯",
            "data": [
                380342.43926776,
                381126.71850945,
                381996.46021375,
                382957.39175763,
                384015.44767324,
                385176.77466123,
                386447.73668873
            ]
        },
        {
            "name": "格鲁吉亚",
            "data": [
                879353.07539564,
                891291.97045216,
                903834.29735029,
                917007.4034453,
                930839.49353501,
                945359.64863419,
                960597.84506163
            ]
        },
        {
            "name": "西班牙",
            "data": [
                5242092.4186087,
                5275985.76981016,
                5312714.96957737,
                5352425.82972432,
                5395268.91551366,
                5441399.65263912,
                5490978.43597337
            ]
        },
        {
            "name": "波多黎各",
            "data": [
                179546.11393219,
                178435.34988727,
                177245.02379972,
                175972.1032974,
                174613.47032342,
                173165.91935054,
                171626.15556869
            ]
        },
        {
            "name": "匈牙利",
            "data": [
                1041995.81417771,
                1048459.54122366,
                1054889.56851337,
                1061274.36526106,
                1067601.87379007,
                1073859.49577684,
                1080034.07822927
            ]
        },
        {
            "name": "保加利亚",
            "data": [
                715412.11338939,
                721128.6950214,
                726911.17346973,
                732758.1390505,
                738668.06012842,
                744639.27890422,
                750670.00711217
            ]
        },
        {
            "name": "芬兰",
            "data": [
                179378.85969161,
                180179.0296576,
                180989.23027443,
                181809.96011398,
                182641.73914346,
                183485.10933034,
                184340.635259
            ]
        },
        {
            "name": "伊拉克",
            "data": [
                2077992.66485995,
                2079913.24541836,
                2081999.22367091,
                2084260.55572018,
                2086707.41603884,
                2089350.19951776,
                2092199.52352429
            ]
        },
        {
            "name": "古巴",
            "data": [
                941337.37460962,
                940115.51093038,
                939013.4749412,
                938051.63171045,
                937251.24363513,
                936634.49368957,
                936224.50914049
            ]
        },
        {
            "name": "阿塞拜疆",
            "data": [
                587336.25983279,
                590366.58192747,
                593513.6292162,
                596784.22841278,
                600185.46137307,
                603724.67136474,
                607409.46944486
            ]
        },
        {
            "name": "利比亚",
            "data": [
                464436.81382785,
                455673.99127053,
                446148.29073683,
                435818.31965834,
                424641.15350062,
                412572.29586997,
                399565.63790459
            ]
        },
        {
            "name": "克罗地亚",
            "data": [
                615839.31154733,
                624589.63416778,
                633625.63217745,
                642954.99733948,
                652585.57807518,
                662525.38175652,
                672782.5770233
            ]
        },
        {
            "name": "智利",
            "data": [
                1801493.35612859,
                1810201.25302333,
                1819268.94274278,
                1828705.02313905,
                1838518.1714349,
                1848717.14347634,
                1859310.77295731
            ]
        },
        {
            "name": "韩国",
            "data": [
                430623.11148319,
                433709.21281638,
                436880.28354789,
                440140.58028297,
                443494.50721282,
                446946.6195698,
                450501.62714856
            ]
        },
        {
            "name": "斯里兰卡",
            "data": [
                568914.79343871,
                572025.31105772,
                575406.85296542,
                579075.54628888,
                583048.0575598,
                587341.60471202,
                591973.96924927
            ]
        },
        {
            "name": "亚美尼亚",
            "data": [
                346407.22904155,
                347825.81356836,
                349206.370333,
                350545.55777117,
                351839.90404353,
                353085.80367425,
                354279.51414026
            ]
        },
        {
            "name": "危地马拉",
            "data": [
                613661.86895422,
                614223.62430283,
                614852.76894726,
                615557.05419411,
                616344.55460496,
                617223.67625408,
                618203.16513375
            ]
        },
        {
            "name": "阿尔及利亚",
            "data": [
                220740.49888107,
                223003.02340818,
                225451.86832005,
                228096.39511246,
                230946.26491586,
                234011.44512664,
                237302.21615144
            ]
        },
        {
            "name": "波黑",
            "data": [
                264741.13069481,
                263888.78394926,
                262901.29332037,
                261771.77467958,
                260493.11803266,
                259057.98233609,
                257458.7902308
            ]
        },
        {
            "name": "留尼旺",
            "data": [
                58520.00955899,
                58895.03273923,
                59304.00887316,
                59749.08928704,
                60232.50365318,
                60756.56190048,
                61323.65615723
            ]
        },
        {
            "name": "老挝",
            "data": [
                69640.58370765,
                71242.93838357,
                72892.32730161,
                74590.04485911,
                76337.40621271,
                78135.74711765,
                79986.42374821
            ]
        },
        {
            "name": "瓜德罗普岛",
            "data": [
                49799.22791843,
                49135.007079,
                48439.6583782,
                47712.8963101,
                46954.44946918,
                46164.06120855,
                45341.49031279
            ]
        },
        {
            "name": "多米尼加",
            "data": [
                426013.92960012,
                430085.55130608,
                434385.85277796,
                438924.64660795,
                443712.04698131,
                448758.47647807,
                454074.67299983
            ]
        },
        {
            "name": "法属圭亚那",
            "data": [
                46768.02644839,
                46929.57881191,
                47100.65451469,
                47281.93909585,
                47474.14498616,
                47678.01220004,
                47894.3090415
            ]
        },
        {
            "name": "马提尼克",
            "data": [
                45019.58686626,
                45300.67687599,
                45615.39161165,
                45966.04792046,
                46355.05044824,
                46784.89382736,
                47258.1649012
            ]
        },
        {
            "name": "斯威士兰",
            "data": [
                47683.48586166,
                48117.44057041,
                48605.2441091,
                49150.331384,
                49756.26572337,
                50426.74209019,
                51165.59035257
            ]
        },
        {
            "name": "塞浦路斯",
            "data": [
                135925.5036848,
                137078.36287875,
                138306.66251586,
                139613.85982355,
                141003.51459283,
                142479.29132338,
                144044.96140338
            ]
        },
        {
            "name": "牙买加",
            "data": [
                82010.44555552,
                80707.49122331,
                79313.82254078,
                77826.1482905,
                76241.09357301,
                74555.19827299,
                72764.91550685
            ]
        },
        {
            "name": "孟加拉国",
            "data": [
                1654735.93689617,
                1670410.46690171,
                1687436.97681149,
                1705883.22648713,
                1725819.09514983,
                1747316.6274095,
                1770450.07999451
            ]
        },
        {
            "name": "刚果（金）",
            "data": [
                63519.61207776,
                64524.11587142,
                65613.4107911,
                66791.96041957,
                68064.38404284,
                69435.46044302,
                70910.13175979
            ]
        },
        {
            "name": "阿富汗",
            "data": [
                181044.23778764,
                184973.00797123,
                189191.16207969,
                193711.44367451,
                198546.96585592,
                203711.21883493,
                209218.07762476
            ]
        },
        {
            "name": "法属波利尼西亚",
            "data": [
                46161.02227156,
                46487.07669895,
                46861.56649435,
                47287.95311648,
                47769.83830088,
                48310.96784422,
                48915.23546166
            ]
        },
        {
            "name": "乌兹别克斯坦",
            "data": [
                192878.95644328,
                193273.62284142,
                193692.82422087,
                194138.50890661,
                194612.69760081,
                195117.4851013,
                195655.04204923
            ]
        },
        {
            "name": "博茨瓦纳",
            "data": [
                204934.58709048,
                207194.61983649,
                209656.82329394,
                212333.17842156,
                215236.10238801,
                218378.45944331,
                221773.57198298
            ]
        },
        {
            "name": "布隆迪共和国",
            "data": [
                19372.40953284,
                19239.55833502,
                19100.92691479,
                18956.65077363,
                18806.87907169,
                18651.77510047,
                18491.5167658
            ]
        },
        {
            "name": "南非",
            "data": [
                3191664.87890633,
                3239016.25881195,
                3290353.25477757,
                3345877.75555817,
                3405798.29930393,
                3470330.22660879,
                3539695.83617903
            ]
        },
        {
            "name": "萨尔瓦多",
            "data": [
                121685.83164778,
                122264.84263475,
                122874.51762833,
                123516.65911374,
                124193.13778075,
                124905.89428583,
                125656.94104603
            ]
        },
        {
            "name": "柬埔寨",
            "data": [
                125411.21650605,
                126253.7686457,
                127154.53241828,
                128116.34317632,
                129142.11402162,
                130234.83719339,
                131397.58547279
            ]
        },
        {
            "name": "库拉索岛",
            "data": [
                21128.72715778,
                21586.51586195,
                22086.96745481,
                22632.57774458,
                23225.9429102,
                23869.76236065,
                24566.84165483
            ]
        },
        {
            "name": "尼加拉瓜",
            "data": [
                16966.23887298,
                16924.08566383,
                16874.42174926,
                16816.95460424,
                16751.38358155,
                16677.39973544,
                16594.68564243
            ]
        },
        {
            "name": "新喀里多尼亚",
            "data": [
                12176.3488602,
                12360.29355419,
                12579.86741431,
                12839.13477673,
                13142.41751025,
                13494.30572368,
                13899.66877851
            ]
        },
        {
            "name": "尼泊尔",
            "data": [
                867312.66734245,
                873866.39271358,
                880785.77900467,
                888082.17565589,
                895767.07516781,
                903852.1118182,
                912349.06027967
            ]
        },
        {
            "name": "文莱",
            "data": [
                13977.29176942,
                13811.89764864,
                13624.70817595,
                13414.82214561,
                13181.31378049,
                12923.23224653,
                12639.60116043
            ]
        },
        {
            "name": "加蓬",
            "data": [
                35536.72328762,
                35194.55833915,
                34815.39334927,
                34397.53592925,
                33939.2432562,
                33438.72102761,
                32894.12239981
            ]
        },
        {
            "name": "也门共和国",
            "data": [
                8969.09370791,
                8789.3119333,
                8594.23499722,
                8383.14695605,
                8155.30883779,
                7909.95811632,
                7646.30817691
            ]
        },
        {
            "name": "卢旺达",
            "data": [
                107565.09135874,
                109007.96053842,
                110578.84188967,
                112284.4806223,
                114131.84342983,
                116128.12350425,
                118280.74563125
            ]
        },
        {
            "name": "苏丹",
            "data": [
                44535.01381275,
                45023.64388625,
                45545.86120357,
                46103.35796601,
                46697.88681204,
                47331.26236535,
                48005.36280854
            ]
        },
        {
            "name": "吉尔吉斯斯坦",
            "data": [
                200810.48343523,
                203884.91252569,
                207194.23271505,
                210749.35765194,
                214561.53348485,
                218642.34601874,
                223003.72797734
            ]
        },
        {
            "name": "以色列",
            "data": [
                1251782.95759907,
                1240176.05944365,
                1227957.1777395,
                1215115.35245791,
                1201639.67491732,
                1187519.29545221,
                1172743.43118599
            ]
        },
        {
            "name": "开曼群岛",
            "data": [
                6898.17096241,
                7235.93970439,
                7588.22384295,
                7955.51140716,
                8338.30315196,
                8737.11281212,
                9152.46736002
            ]
        },
        {
            "name": "圣文森特和格林纳丁斯",
            "data": [
                5347.89562294,
                5321.39332325,
                5289.98484193,
                5253.45935133,
                5211.60042327,
                5164.18592674,
                5110.98792424
            ]
        },
        {
            "name": "马尔代夫",
            "data": [
                95077.08778348,
                95642.37120281,
                96224.03082919,
                96821.90854143,
                97435.81303742,
                98065.51856905,
                98710.76365269
            ]
        },
        {
            "name": "沙特阿拉伯",
            "data": [
                576905.08619774,
                581406.36450599,
                586246.72358331,
                591441.67738689,
                597007.21500198,
                602959.81114679,
                609316.43683978
            ]
        },
        {
            "name": "巴布亚新几内亚",
            "data": [
                33397.21155634,
                33086.0772763,
                32716.9301749,
                32286.37442575,
                31790.88904185,
                31226.82468677,
                30590.40042935
            ]
        },
        {
            "name": "泽西岛",
            "data": [
                15064.63049868,
                15503.76090819,
                15972.97800603,
                16473.70291779,
                17007.4024658,
                17575.59021145,
                18179.82751398
            ]
        },
        {
            "name": "贝宁",
            "data": [
                21120.24179502,
                20532.12241355,
                19906.43847175,
                19242.03670958,
                18537.74157424,
                17792.3549696,
                17004.65600515
            ]
        },
        {
            "name": "巴哈马",
            "data": [
                21895.74742293,
                21761.93452407,
                21617.29685663,
                21461.4330425,
                21293.92961629,
                21114.36073466,
                20922.2878805
            ]
        },
        {
            "name": "关岛",
            "data": [
                13673.70988515,
                13466.56372121,
                13246.19801701,
                13012.17012212,
                12764.02620159,
                12501.30100928,
                12223.51765754
            ]
        },
        {
            "name": "毛里塔尼亚",
            "data": [
                41566.87520661,
                42168.25327413,
                42819.98638023,
                43524.78638242,
                44285.4588923,
                45104.90551069,
                45986.12610228
            ]
        },
        {
            "name": "斐济",
            "data": [
                54554.72594195,
                54828.50320019,
                55103.78771937,
                55378.65453227,
                55650.99695807,
                55918.51826669,
                56178.72310351
            ]
        },
        {
            "name": "多哥",
            "data": [
                24311.36610181,
                24063.18086736,
                23801.9404402,
                23527.3595992,
                23239.15056493,
                22937.02304561,
                22620.68428514
            ]
        },
        {
            "name": "纳米比亚",
            "data": [
                143671.08137946,
                146061.02284977,
                148628.35519835,
                151380.88414215,
                154326.63807848,
                157473.87254717,
                160831.07475581
            ]
        },
        {
            "name": "科特迪瓦",
            "data": [
                59040.77181601,
                58687.92534669,
                58315.19419277,
                57922.15002321,
                57508.36487143,
                57073.4114449,
                56616.86344998
            ]
        },
        {
            "name": "莫桑比克",
            "data": [
                163929.38894392,
                166483.56743768,
                169270.92753156,
                172303.82906984,
                175595.05209182,
                179157.80677288,
                183005.74354434
            ]
        },
        {
            "name": "法罗群岛",
            "data": [
                3810.27072104,
                3916.25700601,
                4025.60923859,
                4138.41575633,
                4254.76672928,
                4374.75418937,
                4498.4720603
            ]
        },
        {
            "name": "马里",
            "data": [
                16799.8309917,
                16769.77206708,
                16732.88600121,
                16688.76702274,
                16636.99472581,
                16577.13371359,
                16508.73323569
            ]
        },
        {
            "name": "塞舌尔",
            "data": [
                23065.54569604,
                23047.43275402,
                23020.74499819,
                22984.74740968,
                22938.667735,
                22881.69529406,
                22812.97976317
            ]
        },
        {
            "name": "百慕大",
            "data": [
                4805.87648501,
                4638.9828173,
                4458.93145541,
                4265.16381189,
                4057.10470303,
                3834.16199013,
                3595.72621509
            ]
        },
        {
            "name": "塞拉利昂",
            "data": [
                6999.38846171,
                7109.86484214,
                7229.63515293,
                7359.16462994,
                7498.93389234,
                7649.43930203,
                7811.19332866
            ]
        },
        {
            "name": "马达加斯加",
            "data": [
                42801.15100346,
                42555.93042469,
                42284.59799945,
                41985.61896461,
                41657.40134522,
                41298.29454438,
                40906.58790927
            ]
        },
        {
            "name": "圣其茨和尼维斯",
            "data": [
                2764.42709342,
                2773.78105808,
                2785.72337872,
                2800.59746903,
                2818.76874244,
                2840.62552207,
                2866.57997664
            ]
        },
        {
            "name": "直布罗陀",
            "data": [
                7711.18521484,
                7885.65757192,
                8071.82663019,
                8270.25817976,
                8481.5371741,
                8706.26819067,
                8945.07590038
            ]
        },
        {
            "name": "东帝汶",
            "data": [
                20262.77629696,
                20411.51107504,
                20580.32353773,
                20770.69440602,
                20984.17162346,
                21222.3725291,
                21486.98608183
            ]
        },
        {
            "name": "南苏丹",
            "data": [
                12119.77905545,
                12043.16582757,
                11960.9526428,
                11872.95884976,
                11779.00128697,
                11678.89431079,
                11572.44982473
            ]
        },
        {
            "name": "佛得角",
            "data": [
                37235.13329849,
                37002.51099633,
                36747.57050436,
                36469.08763646,
                36165.79253163,
                35836.3684868,
                35479.45076905
            ]
        },
        {
            "name": "几内亚",
            "data": [
                29576.98738819,
                29415.64361567,
                29244.2188765,
                29062.35559427,
                28869.68643276,
                28665.83409944,
                28450.41114606
            ]
        },
        {
            "name": "几内亚比绍",
            "data": [
                6395.36993582,
                6417.33023356,
                6441.89072644,
                6469.23444644,
                6499.55161786,
                6533.03984381,
                6569.90429613
            ]
        },
        {
            "name": "列支敦士登",
            "data": [
                4364.15160973,
                4400.67356585,
                4438.13710943,
                4476.54209036,
                4515.88701916,
                4556.16900301,
                4597.38367994
            ]
        },
        {
            "name": "美属维尔京群岛",
            "data": [
                7686.77282911,
                7741.22398197,
                7800.30956657,
                7864.32144108,
                7933.56256803,
                8008.34729992,
                8089.00167013
            ]
        },
        {
            "name": "阿鲁巴",
            "data": [
                15523.43880151,
                15449.51251688,
                15371.4813258,
                15289.2681206,
                15202.79589177,
                15111.98777753,
                15016.7671149
            ]
        },
        {
            "name": "尼日尔",
            "data": [
                7448.11139561,
                7560.58838798,
                7680.47265893,
                7808.11788401,
                7943.88958688,
                8088.16542083,
                8241.33545494
            ]
        },
        {
            "name": "格陵兰",
            "data": [
                1350.48451293,
                1388.57703388,
                1428.45685384,
                1470.19219182,
                1513.85256113,
                1559.50875137,
                1607.23280853
            ]
        },
        {
            "name": "安道尔",
            "data": [
                16549.20874313,
                16622.44068502,
                16698.85279366,
                16778.54186175,
                16861.60633956,
                16948.14634282,
                17038.26366032
            ]
        },
        {
            "name": "北马里亚纳群岛联邦",
            "data": [
                582.02637033,
                602.87629293,
                624.87675233,
                648.07846198,
                672.5338246,
                698.29697439,
                725.4238199
            ]
        },
        {
            "name": "厄立特里亚",
            "data": [
                7770.539131,
                7870.99435528,
                7977.51764548,
                8090.33760687,
                8209.68832951,
                8335.80947414,
                8468.94635879
            ]
        },
        {
            "name": "圣马力诺",
            "data": [
                5771.84676211,
                5775.99207019,
                5779.92452186,
                5783.63875636,
                5787.12962657,
                5790.39221473,
                5793.42184848
            ]
        },
        {
            "name": "荷属圣马丁",
            "data": [
                4637.11873919,
                4660.01705216,
                4685.5094194,
                4713.78213845,
                4745.02909403,
                4779.45196234,
                4817.26041914
            ]
        },
        {
            "name": "摩纳哥",
            "data": [
                3820.72901564,
                3873.52628945,
                3930.57951908,
                3992.11928764,
                4058.38461079,
                4129.62315403,
                4206.09145385
            ]
        },
        {
            "name": "科摩罗",
            "data": [
                4934.4508353,
                5027.82184615,
                5128.7586185,
                5237.67218409,
                5354.98900482,
                5481.1513808,
                5616.61786554
            ]
        },
        {
            "name": "塞内加尔",
            "data": [
                77931.14169081,
                78809.82414112,
                79771.74476763,
                80821.35969415,
                81963.27578753,
                83202.25419099,
                84543.21391114
            ]
        },
        {
            "name": "特克斯和凯科斯群岛",
            "data": [
                3325.49705573,
                3377.72932597,
                3434.60618582,
                3496.40544178,
                3563.41603657,
                3635.93835917,
                3714.28456094
            ]
        },
        {
            "name": "格林那达",
            "data": [
                6043.6511514,
                6152.41938719,
                6282.20468906,
                6435.02779766,
                6613.02104988,
                6818.43248503,
                7053.63005616
            ]
        },
        {
            "name": "英属维尔京群岛",
            "data": [
                3071.99285771,
                3132.53039299,
                3197.7559227,
                3267.83416372,
                3342.92963701,
                3423.20642469,
                3508.82791663
            ]
        },
        {
            "name": "利比里亚",
            "data": [
                6575.00275078,
                6712.28358226,
                6862.61309485,
                7026.73072944,
                7205.40272288,
                7399.42278156,
                7609.61276727
            ]
        },
        {
            "name": "圣卢西亚",
            "data": [
                13196.44577139,
                13292.81970095,
                13401.63136224,
                13523.88790486,
                13660.64251984,
                13812.99582173,
                13982.09725811
            ]
        },
        {
            "name": "冈比亚",
            "data": [
                10532.97341234,
                10660.33518226,
                10800.65484693,
                10954.69386849,
                11123.24229306,
                11307.11949878,
                11507.17495596
            ]
        },
        {
            "name": "不丹",
            "data": [
                2927.87469233,
                2976.02078659,
                3027.64400892,
                3082.89170619,
                3141.91523212,
                3204.87002272,
                3271.91567286
            ]
        },
        {
            "name": "圣皮埃尔和密克隆群岛",
            "data": [
                71.17796902,
                80.31521811,
                91.00152944,
                103.43323975,
                117.82537275,
                134.41297251,
                153.45250662
            ]
        },
        {
            "name": "蒙古",
            "data": [
                371213.02760654,
                372626.32027243,
                374031.97973048,
                375430.76047917,
                376823.45435725,
                378210.89132181,
                379593.94023624
            ]
        },
        {
            "name": "厄瓜多尔",
            "data": [
                526924.05728574,
                527588.445046,
                528262.22126185,
                528944.58611821,
                529634.6694169,
                530331.52818409,
                531034.14423461
            ]
        },
        {
            "name": "阿曼",
            "data": [
                874582.43227988,
                897271.03713557,
                921661.18934653,
                947827.65457603,
                975847.34537152,
                1005799.36463658,
                1037765.04973614
            ]
        },
        {
            "name": "坦桑尼亚",
            "data": [
                19418.34505314,
                17751.27986041,
                15920.83395305,
                13918.77346215,
                11736.57841295,
                9365.4354749,
                6796.23057983
            ]
        },
        {
            "name": "喀麦隆",
            "data": [
                107611.54369213,
                107415.30855813,
                107154.4093642,
                106824.71609712,
                106421.93760616,
                105941.61739264,
                105379.12932964
            ]
        },
        {
            "name": "莱索托",
            "data": [
                21219.04969331,
                21113.42505775,
                21002.30942493,
                20885.86617767,
                20764.27643008,
                20637.73968478,
                20506.47450416
            ]
        },
        {
            "name": "刚果（布）",
            "data": [
                19713.32962716,
                19852.9699541,
                19994.80625046,
                20138.86606897,
                20285.1774538,
                20433.76896351,
                20584.66969509
            ]
        },
        {
            "name": "加纳",
            "data": [
                130295.09664054,
                130465.7347181,
                130671.93107332,
                130916.76938822,
                131203.46991828,
                131535.39336747,
                131916.04483288
            ]
        },
        {
            "name": "海地",
            "data": [
                22929.45371357,
                22559.41060395,
                22160.52986302,
                21731.46223828,
                21270.8170321,
                20777.16123362,
                20249.01863824
            ]
        },
        {
            "name": "中非共和国",
            "data": [
                12160.55039688,
                12282.95223764,
                12417.7087612,
                12565.55400087,
                12727.24899252,
                12903.5824564,
                13095.37149225
            ]
        },
        {
            "name": "圣马丁岛",
            "data": [
                4170.18103434,
                4209.07021619,
                4251.89509146,
                4298.92116607,
                4350.42491025,
                4406.69406553,
                4468.0279577
            ]
        },
        {
            "name": "赤道几内亚",
            "data": [
                12841.37627525,
                12708.15653014,
                12563.69376744,
                12407.55335223,
                12239.28939074,
                12058.44452855,
                11864.54974623
            ]
        },
        {
            "name": "圣巴泰勒米岛",
            "data": [
                1750.09923909,
                1776.4141915,
                1806.253666,
                1839.89394958,
                1877.62515657,
                1919.75170921,
                1966.5928297
            ]
        },
        {
            "name": "安圭拉",
            "data": [
                1299.29814014,
                1311.41893568,
                1323.1766284,
                1334.57882179,
                1345.63627236,
                1356.36311839,
                1366.77711795
            ]
        },
        {
            "name": "圣多美和普林西比",
            "data": [
                3448.79327253,
                3398.27796913,
                3344.01314684,
                3285.8678602,
                3223.70828809,
                3157.39769463,
                3086.79638989
            ]
        },
        {
            "name": "乍得",
            "data": [
                5051.45902972,
                5044.2336776,
                5036.54176988,
                5028.37570924,
                5019.72826748,
                5010.59260966,
                5000.96231889
            ]
        },
        {
            "name": "乌干达",
            "data": [
                138869.77291915,
                140612.03177066,
                142504.83681168,
                144555.92602585,
                146773.28413891,
                149165.14799928,
                151740.01204472
            ]
        },
        {
            "name": "荷兰加勒比地区",
            "data": [
                185.252458,
                187.56524855,
                190.18941297,
                193.1512089,
                196.47841385,
                200.20038757,
                204.34813606
            ]
        },
        {
            "name": "蒙特塞拉特",
            "data": [
                46.29542339,
                47.31303293,
                48.40499412,
                49.57440412,
                50.82391892,
                52.15566489,
                53.57114267
            ]
        },
        {
            "name": "布基纳法索",
            "data": [
                16152.64869477,
                16299.98365767,
                16457.78131007,
                16626.60683872,
                16807.04666439,
                16999.70899699,
                17205.22440091
            ]
        },
        {
            "name": "钻石公主号邮轮",
            "data": [
                752.26122554,
                754.34333713,
                756.61201739,
                759.07784043,
                761.7517962,
                764.64530224,
                767.77021562
            ]
        },
        {
            "name": "塔吉克斯坦",
            "data": [
                17154.61029142,
                17109.32127636,
                17063.17410454,
                17016.35552658,
                16969.06544194,
                16921.51736243,
                16873.93888593
            ]
        },
        {
            "name": "秘鲁",
            "data": [
                2192151.7989171,
                2189711.28591779,
                2186865.97592397,
                2183594.29506699,
                2179873.659594,
                2175680.44224085,
                2170989.93787578
            ]
        },
        {
            "name": "福克兰群岛",
            "data": [
                84.62455924,
                88.00085572,
                91.88168468,
                96.32496574,
                101.3935369,
                107.15546261,
                113.68435568
            ]
        },
        {
            "name": "梵蒂冈",
            "data": [
                27.28720945,
                25.94925044,
                24.12522947,
                21.70903221,
                18.57953729,
                14.59922217,
                9.61268461
            ]
        },
        {
            "name": "圣巴泰勒米",
            "data": [
                18.76896911,
                90.63631599,
                336.98908771,
                1039.65887333,
                2796.95419141,
                6773.73699827,
                15088.65586484
            ]
        },
        {
            "name": "留尼汪",
            "data": [
                -7.43259115e+01,
                -6.51489023e+02,
                -3.27967625e+03,
                -1.25621388e+04,
                -4.00915759e+04,
                -1.11747485e+05,
                -2.80168364e+05
            ]
        },
        {
            "name": "至尊公主邮轮",
            "data": [
                21,
                21,
                21,
                21,
                21,
                21,
                20.99999999
            ]
        }
    ]
}